{"mean":{"confidence_interval":{"confidence_level":0.95,"lower_bound":-0.07471832274156123,"upper_bound":-0.05155537270348742},"point_estimate":-0.06214467704317972,"standard_error":0.005953696514573122},"median":{"confidence_interval":{"confidence_level":0.95,"lower_bound":-0.05917460235468919,"upper_bound":-0.05033787936143259},"point_estimate":-0.05395224491602857,"standard_error":0.002254724333379439}}