{"mean":{"confidence_interval":{"confidence_level":0.95,"lower_bound":0.058557786432868776,"upper_bound":0.15995982150523627},"point_estimate":0.10269818548814413,"standard_error":0.026043316644550955},"median":{"confidence_interval":{"confidence_level":0.95,"lower_bound":0.02312154376595288,"upper_bound":0.061569286251249945},"point_estimate":0.03818199453242266,"standard_error":0.010427224995730813}}