{"mean":{"confidence_interval":{"confidence_level":0.95,"lower_bound":2428934.1220875005,"upper_bound":2605877.7518999996},"point_estimate":2511010.233499999,"standard_error":45222.2683408636},"median":{"confidence_interval":{"confidence_level":0.95,"lower_bound":2340796.25,"upper_bound":2410324.3},"point_estimate":2371767.6,"standard_error":17529.967287900796},"median_abs_dev":{"confidence_interval":{"confidence_level":0.95,"lower_bound":130494.55785825849,"upper_bound":219582.5076766312},"point_estimate":188999.54661458725,"standard_error":24055.1892444999},"slope":null,"std_dev":{"confidence_interval":{"confidence_level":0.95,"lower_bound":290123.5780682962,"upper_bound":593003.7789356937},"point_estimate":453040.82458487136,"standard_error":77721.05477168194}}