{"mean":{"confidence_interval":{"confidence_level":0.95,"lower_bound":2241158.971465911,"upper_bound":2330646.1903295456},"point_estimate":2285007.8572727283,"standard_error":22822.867701120947},"median":{"confidence_interval":{"confidence_level":0.95,"lower_bound":2132455.272727273,"upper_bound":2277470.2272727275},"point_estimate":2166397.4545454546,"standard_error":36180.12213618477},"median_abs_dev":{"confidence_interval":{"confidence_level":0.95,"lower_bound":97356.03837919803,"upper_bound":271776.44573409454},"point_estimate":154700.1757853411,"standard_error":45062.204515968246},"slope":null,"std_dev":{"confidence_interval":{"confidence_level":0.95,"lower_bound":198892.19675025326,"upper_bound":256828.4643568901},"point_estimate":229973.8762943309,"standard_error":14816.857789338177}}