{"mean":{"confidence_interval":{"confidence_level":0.95,"lower_bound":-0.009217104846432771,"upper_bound":0.0012814847190991084},"point_estimate":-0.004041969739248752,"standard_error":0.0026907031869412307},"median":{"confidence_interval":{"confidence_level":0.95,"lower_bound":-0.010942001330303097,"upper_bound":-0.002257869010656992},"point_estimate":-0.007431609065015166,"standard_error":0.0022726232360642954}}