{"mean":{"confidence_interval":{"confidence_level":0.95,"lower_bound":0.24849370672551893,"upper_bound":0.41922099273853075},"point_estimate":0.33561135542002773,"standard_error":0.042693748024966935},"median":{"confidence_interval":{"confidence_level":0.95,"lower_bound":0.08819868788623457,"upper_bound":0.13551073967428828},"point_estimate":0.10428613753625737,"standard_error":0.012981373045099536}}