{"mean":{"confidence_interval":{"confidence_level":0.95,"lower_bound":-0.0008717804858279331,"upper_bound":0.015193852663856386},"point_estimate":0.007388268596946634,"standard_error":0.0040915047613778914},"median":{"confidence_interval":{"confidence_level":0.95,"lower_bound":0.005427730851528256,"upper_bound":0.02121055348547712},"point_estimate":0.012768068501598284,"standard_error":0.004048217435089372}}