{"mean":{"confidence_interval":{"confidence_level":0.95,"lower_bound":0.0949448559592191,"upper_bound":0.144698407132865},"point_estimate":0.11866833938023458,"standard_error":0.012770044927019712},"median":{"confidence_interval":{"confidence_level":0.95,"lower_bound":0.0731319938515349,"upper_bound":0.11915934122026339},"point_estimate":0.09393587455201247,"standard_error":0.010615018011092544}}