{"mean":{"confidence_interval":{"confidence_level":0.95,"lower_bound":-0.00540967477284031,"upper_bound":0.01800127305979573},"point_estimate":0.006288391092551748,"standard_error":0.005952800050673605},"median":{"confidence_interval":{"confidence_level":0.95,"lower_bound":0.004817218243636399,"upper_bound":0.016769475117467625},"point_estimate":0.010886768205432551,"standard_error":0.002846519262910439}}