{"mean":{"confidence_interval":{"confidence_level":0.95,"lower_bound":2306223.9689374994,"upper_bound":2421327.299999999},"point_estimate":2358910.33,"standard_error":29519.523831994135},"median":{"confidence_interval":{"confidence_level":0.95,"lower_bound":2236553.5,"upper_bound":2322304.925},"point_estimate":2278638.3,"standard_error":25954.72102372283},"median_abs_dev":{"confidence_interval":{"confidence_level":0.95,"lower_bound":106432.66452044297,"upper_bound":196463.95193056762},"point_estimate":153766.11421510603,"standard_error":23198.704557076693},"slope":null,"std_dev":{"confidence_interval":{"confidence_level":0.95,"lower_bound":166115.04213423186,"upper_bound":410903.85576372995},"point_estimate":297883.9880245915,"standard_error":64250.62469059449}}