{"mean":{"confidence_interval":{"confidence_level":0.95,"lower_bound":2054380.74815,"upper_bound":2249009.78735},"point_estimate":2148095.832,"standard_error":49581.29744973137},"median":{"confidence_interval":{"confidence_level":0.95,"lower_bound":1859673.75,"upper_bound":2164963.05},"point_estimate":1896018.725,"standard_error":76462.87264462678},"median_abs_dev":{"confidence_interval":{"confidence_level":0.95,"lower_bound":192601.85683563357,"upper_bound":479675.5093904307},"point_estimate":269220.5478353801,"standard_error":79289.45833925305},"slope":null,"std_dev":{"confidence_interval":{"confidence_level":0.95,"lower_bound":398285.4107914178,"upper_bound":584867.6336809358},"point_estimate":500097.2723471837,"standard_error":47714.38877577596}}