{"mean":{"confidence_interval":{"confidence_level":0.95,"lower_bound":-0.04485040636288288,"upper_bound":0.04185897699515311},"point_estimate":-0.0015131736263603868,"standard_error":0.022174144101833708},"median":{"confidence_interval":{"confidence_level":0.95,"lower_bound":-0.032101108112235724,"upper_bound":0.074690548539329},"point_estimate":0.020462088957137192,"standard_error":0.027427001740618344}}