{"mean":{"confidence_interval":{"confidence_level":0.95,"lower_bound":-0.13754609348309896,"upper_bound":-0.09162957648924346},"point_estimate":-0.11454848194261824,"standard_error":0.011703654480586266},"median":{"confidence_interval":{"confidence_level":0.95,"lower_bound":-0.11594752461252467,"upper_bound":-0.027073542389807304},"point_estimate":-0.04412271997066253,"standard_error":0.02359201997497338}}