{"mean":{"confidence_interval":{"confidence_level":0.95,"lower_bound":-0.004262661505304624,"upper_bound":0.024087302159949895},"point_estimate":0.008940105050601499,"standard_error":0.0072494576214791814},"median":{"confidence_interval":{"confidence_level":0.95,"lower_bound":-0.0042962711790688335,"upper_bound":0.005028210149857992},"point_estimate":-0.000730785319721261,"standard_error":0.0023085135098229862}}