{"mean":{"confidence_interval":{"confidence_level":0.95,"lower_bound":2333508.180394738,"upper_bound":2530072.776960527},"point_estimate":2425227.276842107,"standard_error":50504.72827498122},"median":{"confidence_interval":{"confidence_level":0.95,"lower_bound":2200269.052631579,"upper_bound":2273925.8421052634},"point_estimate":2230500.4473684207,"standard_error":19540.682923048003},"median_abs_dev":{"confidence_interval":{"confidence_level":0.95,"lower_bound":93713.81779940586,"upper_bound":202374.50624923944},"point_estimate":132399.25989681119,"standard_error":29841.869075880553},"slope":null,"std_dev":{"confidence_interval":{"confidence_level":0.95,"lower_bound":311125.85519718396,"upper_bound":666231.9359823783},"point_estimate":506926.6412690719,"standard_error":89648.99441994797}}