{"mean":{"confidence_interval":{"confidence_level":0.95,"lower_bound":2302919.7112,"upper_bound":2370682.2030375004},"point_estimate":2335043.6965,"standard_error":17333.325522640673},"median":{"confidence_interval":{"confidence_level":0.95,"lower_bound":2263635.65,"upper_bound":2296255.65},"point_estimate":2285673.325,"standard_error":8152.586953445989},"median_abs_dev":{"confidence_interval":{"confidence_level":0.95,"lower_bound":65572.80228585005,"upper_bound":140592.65747398164},"point_estimate":110143.79757955718,"standard_error":20139.4599150699},"slope":null,"std_dev":{"confidence_interval":{"confidence_level":0.95,"lower_bound":122187.13993142179,"upper_bound":220512.7409025074},"point_estimate":174772.90350526726,"standard_error":25105.99167113643}}