{"mean":{"confidence_interval":{"confidence_level":0.95,"lower_bound":0.06684613713279286,"upper_bound":0.18083705619522397},"point_estimate":0.11355587167144021,"standard_error":0.0277939935805228},"median":{"confidence_interval":{"confidence_level":0.95,"lower_bound":-0.007544925462629193,"upper_bound":0.07502522960120706},"point_estimate":0.02860126428820231,"standard_error":0.01786261426100488}}