{"mean":{"confidence_interval":{"confidence_level":0.95,"lower_bound":-0.08732434702515399,"upper_bound":-0.04457270298372872},"point_estimate":-0.06501594450042314,"standard_error":0.010919862388499199},"median":{"confidence_interval":{"confidence_level":0.95,"lower_bound":-0.02520865457235144,"upper_bound":-0.014092554755430808},"point_estimate":-0.01908605231592908,"standard_error":0.0027854151356421822}}