{"mean":{"confidence_interval":{"confidence_level":0.95,"lower_bound":0.09961363492425239,"upper_bound":0.19594810822900588},"point_estimate":0.14450947295855365,"standard_error":0.024503194392651587},"median":{"confidence_interval":{"confidence_level":0.95,"lower_bound":0.02797459997531404,"upper_bound":0.09002698018325095},"point_estimate":0.054063666911495334,"standard_error":0.015367843921261228}}