{"mean":{"confidence_interval":{"confidence_level":0.95,"lower_bound":2379030.751829545,"upper_bound":2602739.1501931823},"point_estimate":2484894.456363637,"standard_error":57241.62664790764},"median":{"confidence_interval":{"confidence_level":0.95,"lower_bound":2177167.6363636362,"upper_bound":2354919.1818181816},"point_estimate":2256533.4318181816,"standard_error":37960.09529661385},"median_abs_dev":{"confidence_interval":{"confidence_level":0.95,"lower_bound":142702.8083210642,"upper_bound":345637.45360916306},"point_estimate":232852.97362966946,"standard_error":44927.0242565432},"slope":null,"std_dev":{"confidence_interval":{"confidence_level":0.95,"lower_bound":437429.46716424933,"upper_bound":687931.9637803639},"point_estimate":574390.9206352083,"standard_error":64137.188111650794}}