{"mean":{"confidence_interval":{"confidence_level":0.95,"lower_bound":0.01892034091866997,"upper_bound":0.046927640746180575},"point_estimate":0.03239666635261451,"standard_error":0.007098196967297825},"median":{"confidence_interval":{"confidence_level":0.95,"lower_bound":0.024114541660693822,"upper_bound":0.044211324545517794},"point_estimate":0.03427500196259081,"standard_error":0.0053270537592648055}}