{"mean":{"confidence_interval":{"confidence_level":0.95,"lower_bound":0.07242777178012072,"upper_bound":0.11721787965639026},"point_estimate":0.09382632856731066,"standard_error":0.011541556109369432},"median":{"confidence_interval":{"confidence_level":0.95,"lower_bound":0.011104768934678821,"upper_bound":0.12243330472801027},"point_estimate":0.038315752799572556,"standard_error":0.03061226975970141}}