{"mean":{"confidence_interval":{"confidence_level":0.95,"lower_bound":-0.029682611467368867,"upper_bound":0.011589206720251474},"point_estimate":-0.009743882227642442,"standard_error":0.010510748286219253},"median":{"confidence_interval":{"confidence_level":0.95,"lower_bound":-0.01846919890117565,"upper_bound":-0.0007177454652987914},"point_estimate":-0.009205395832700525,"standard_error":0.004566111902324347}}