{"mean":{"confidence_interval":{"confidence_level":0.95,"lower_bound":-0.0004762674421648078,"upper_bound":0.026029770498750958},"point_estimate":0.013345825637826714,"standard_error":0.006740744219602513},"median":{"confidence_interval":{"confidence_level":0.95,"lower_bound":-0.0073903646496545905,"upper_bound":0.023818570335707993},"point_estimate":0.009977704766360729,"standard_error":0.007899935890236682}}