{"mean":{"confidence_interval":{"confidence_level":0.95,"lower_bound":0.010469897638333827,"upper_bound":0.031629397708775785},"point_estimate":0.02092505515146237,"standard_error":0.005344157123747334},"median":{"confidence_interval":{"confidence_level":0.95,"lower_bound":0.015739209085538428,"upper_bound":0.02458123512346444},"point_estimate":0.02024053144806648,"standard_error":0.0022779117469480825}}