{"mean":{"confidence_interval":{"confidence_level":0.95,"lower_bound":-0.17435561171266853,"upper_bound":-0.07555738388396538},"point_estimate":-0.1270279876371958,"standard_error":0.0252386973041422},"median":{"confidence_interval":{"confidence_level":0.95,"lower_bound":-0.10382214176574611,"upper_bound":-0.026942504718116767},"point_estimate":-0.058780165992902145,"standard_error":0.019785612902582444}}