{"mean":{"confidence_interval":{"confidence_level":0.95,"lower_bound":-0.01732999961578715,"upper_bound":0.018374363088548964},"point_estimate":0.0001584251425883476,"standard_error":0.009103681288885815},"median":{"confidence_interval":{"confidence_level":0.95,"lower_bound":-0.01929756862883627,"upper_bound":-0.009515532266319737},"point_estimate":-0.013367578373480349,"standard_error":0.0025405040703512455}}