{"mean":{"confidence_interval":{"confidence_level":0.95,"lower_bound":2178300.3349204534,"upper_bound":2216454.872261364},"point_estimate":2196606.654545454,"standard_error":9784.835554987947},"median":{"confidence_interval":{"confidence_level":0.95,"lower_bound":2150863.2954545454,"upper_bound":2184383.090909091},"point_estimate":2168463.2727272725,"standard_error":8953.882870698144},"median_abs_dev":{"confidence_interval":{"confidence_level":0.95,"lower_bound":41113.33965645586,"upper_bound":75078.2763661851},"point_estimate":59504.52059358324,"standard_error":8658.27355670304},"slope":null,"std_dev":{"confidence_interval":{"confidence_level":0.95,"lower_bound":73773.09653295581,"upper_bound":119799.03133500561},"point_estimate":98033.84980487959,"standard_error":11751.633996653947}}