{"mean":{"confidence_interval":{"confidence_level":0.95,"lower_bound":-0.004817334114869094,"upper_bound":0.0187763867224322},"point_estimate":0.0043934632021980224,"standard_error":0.005997047491031975},"median":{"confidence_interval":{"confidence_level":0.95,"lower_bound":-0.009716016795492721,"upper_bound":-0.00012819345181469544},"point_estimate":-0.006125784985493432,"standard_error":0.002543719950805077}}