{"mean":{"confidence_interval":{"confidence_level":0.95,"lower_bound":-0.028182456861783195,"upper_bound":-0.001013004429149385},"point_estimate":-0.013840992518950324,"standard_error":0.006944054139938815},"median":{"confidence_interval":{"confidence_level":0.95,"lower_bound":-0.005182181062761249,"upper_bound":0.013020813272195397},"point_estimate":0.005764963510073162,"standard_error":0.004736855245481899}}