{"mean":{"confidence_interval":{"confidence_level":0.95,"lower_bound":0.009435161257544164,"upper_bound":0.03423202384620269},"point_estimate":0.02129432929498898,"standard_error":0.006561508850224013},"median":{"confidence_interval":{"confidence_level":0.95,"lower_bound":-0.0038602661789370885,"upper_bound":0.007043120849585138},"point_estimate":0.0017522598033885561,"standard_error":0.002743372057745776}}