{"mean":{"confidence_interval":{"confidence_level":0.95,"lower_bound":-0.16232888711339277,"upper_bound":-0.12797238366432545},"point_estimate":-0.14554939938430844,"standard_error":0.008734358788072381},"median":{"confidence_interval":{"confidence_level":0.95,"lower_bound":-0.19046360974171006,"upper_bound":-0.16658711365903567},"point_estimate":-0.17944718005798754,"standard_error":0.006120693778414378}}