{"mean":{"confidence_interval":{"confidence_level":0.95,"lower_bound":2347231.714642857,"upper_bound":2473772.1261547618},"point_estimate":2408336.4223809526,"standard_error":32363.422425735378},"median":{"confidence_interval":{"confidence_level":0.95,"lower_bound":2224061.5714285714,"upper_bound":2407405.7142857146},"point_estimate":2320508.595238095,"standard_error":46249.480471903276},"median_abs_dev":{"confidence_interval":{"confidence_level":0.95,"lower_bound":190328.38332099575,"upper_bound":376405.4571074671},"point_estimate":279579.6662364689,"standard_error":46641.12828346807},"slope":null,"std_dev":{"confidence_interval":{"confidence_level":0.95,"lower_bound":259273.4630520661,"upper_bound":384840.6426442888},"point_estimate":324533.38103428215,"standard_error":32122.485285898398}}