{"mean":{"confidence_interval":{"confidence_level":0.95,"lower_bound":-0.060619950166993446,"upper_bound":-0.006806815902074818},"point_estimate":-0.0339211218604798,"standard_error":0.013765180656468246},"median":{"confidence_interval":{"confidence_level":0.95,"lower_bound":-0.009596340733133979,"upper_bound":0.03424038223893899},"point_estimate":0.018838141707011147,"standard_error":0.01156232049961614}}