{"mean":{"confidence_interval":{"confidence_level":0.95,"lower_bound":-0.0813032355272839,"upper_bound":-0.029370814893361567},"point_estimate":-0.055029894116607525,"standard_error":0.013230430755970827},"median":{"confidence_interval":{"confidence_level":0.95,"lower_bound":-0.02306862806026999,"upper_bound":-0.002915597662919552},"point_estimate":-0.013646000003665115,"standard_error":0.004778350877861431}}