{"mean":{"confidence_interval":{"confidence_level":0.95,"lower_bound":-0.036624131042551016,"upper_bound":0.06687137004947671},"point_estimate":0.01303170091817396,"standard_error":0.026355311006260315},"median":{"confidence_interval":{"confidence_level":0.95,"lower_bound":-0.060873368841478315,"upper_bound":0.0351349925995168},"point_estimate":-0.02033171040316417,"standard_error":0.0267114798822332}}