{"mean":{"confidence_interval":{"confidence_level":0.95,"lower_bound":-0.07526403025335082,"upper_bound":0.015356955174760725},"point_estimate":-0.028896440182746064,"standard_error":0.02413665286093716},"median":{"confidence_interval":{"confidence_level":0.95,"lower_bound":-0.1471863592968412,"upper_bound":-0.0057449957066183985},"point_estimate":-0.1293316699262832,"standard_error":0.03526230723262903}}