{"mean":{"confidence_interval":{"confidence_level":0.95,"lower_bound":0.0588538020873422,"upper_bound":0.10515811232218782},"point_estimate":0.08192415048213708,"standard_error":0.011448750118512579},"median":{"confidence_interval":{"confidence_level":0.95,"lower_bound":0.01829274443696094,"upper_bound":0.08422044260545758},"point_estimate":0.03399968286253863,"standard_error":0.016009032290511396}}