{"mean":{"confidence_interval":{"confidence_level":0.95,"lower_bound":-0.23571690864291195,"upper_bound":-0.16823910032877654},"point_estimate":-0.20208486411737114,"standard_error":0.017193421700484712},"median":{"confidence_interval":{"confidence_level":0.95,"lower_bound":-0.20325395010424369,"upper_bound":-0.14256986739977284},"point_estimate":-0.180156138519865,"standard_error":0.011986205168717628}}